Moneda,Fecha,Cambio
COP,1/1/2018,1926.83
COP,2/1/2018,1926.83
COP,3/1/2018,1938.89
COP,4/1/2018,1936.92
COP,5/1/2018,1936.92
COP,6/1/2018,1936.92
COP,7/1/2018,1936.92
COP,8/1/2018,1930.45
COP,9/1/2018,1933.24
COP,10/1/2018,1934.88
COP,11/1/2018,1926.55
COP,12/1/2018,1926.55
COP,13/1/2018,1926.55
COP,14/1/2018,1924.79
COP,15/1/2018,1932.59
COP,16/1/2018,1941.45
COP,17/1/2018,1947.15
COP,18/1/2018,1957.86
COP,19/1/2018,1957.86
COP,20/1/2018,1957.86
COP,21/1/2018,1957.86
COP,22/1/2018,1981.98
COP,23/1/2018,1983.48
COP,24/1/2018,1993.23
COP,25/1/2018,2000.48
COP,26/1/2018,2000.48
COP,27/1/2018,2000.48
COP,28/1/2018,1997.91
COP,29/1/2018,2000.56
COP,30/1/2018,2013.17
COP,31/1/2018,2008.26
COP,1/2/2018,2021.10
COP,2/2/2018,2021.10
COP,3/2/2018,2021.10
COP,4/2/2018,2039.85
COP,5/2/2018,2041.34
COP,6/2/2018,2048.75
COP,7/2/2018,2049.52
COP,8/2/2018,2046.06
COP,9/2/2018,2046.06
COP,10/2/2018,2046.06
COP,11/2/2018,2048.55
COP,12/2/2018,2041.61
COP,13/2/2018,2031.75
COP,14/2/2018,2032.99
COP,15/2/2018,2022.68
COP,16/2/2018,2022.68
COP,17/2/2018,2022.68
COP,18/2/2018,2022.68
COP,19/2/2018,2028.54
COP,20/2/2018,2042.22
COP,21/2/2018,2052.46
COP,22/2/2018,2043.96
COP,23/2/2018,2043.96
COP,24/2/2018,2043.96
COP,25/2/2018,2042.67
COP,26/2/2018,2045.45
COP,27/2/2018,2053.11
COP,28/2/2018,2054.90
COP,1/3/2018,2046.75
COP,2/3/2018,2046.75
COP,3/3/2018,2046.75
COP,4/3/2018,2052.51
COP,5/3/2018,2047.75
COP,6/3/2018,2045.14
COP,7/3/2018,2030.02
COP,8/3/2018,2036.20
COP,9/3/2018,2036.20
COP,10/3/2018,2036.20
COP,11/3/2018,2042.78
COP,12/3/2018,2043.59
COP,13/3/2018,2047.59
COP,14/3/2018,2044.48
COP,15/3/2018,2044.58
COP,16/3/2018,2044.58
COP,17/3/2018,2044.58
COP,18/3/2018,2035.16
COP,19/3/2018,2034.86
COP,20/3/2018,2017.38
COP,21/3/2018,1998.60
COP,22/3/2018,1993.85
COP,23/3/2018,1993.85
COP,24/3/2018,1993.85
COP,25/3/2018,1993.85
COP,26/3/2018,1978.63
COP,27/3/2018,1973.03
COP,28/3/2018,1965.64
COP,29/3/2018,1965.32
COP,30/3/2018,1965.32
COP,31/3/2018,1965.32
COP,1/4/2018,1969.45
COP,2/4/2018,1966.02
COP,3/4/2018,1963.51
COP,4/4/2018,1966.40
COP,5/4/2018,1951.85
COP,6/4/2018,1951.85
COP,7/4/2018,1951.85
COP,8/4/2018,1937.59
COP,9/4/2018,1923.95
COP,10/4/2018,1931.09
COP,11/4/2018,1920.93
COP,12/4/2018,1927.28
COP,13/4/2018,1927.28
COP,14/4/2018,1927.28
COP,15/4/2018,1926.47
COP,16/4/2018,1932.42
COP,17/4/2018,1930.62
COP,18/4/2018,1930.62
COP,19/4/2018,1930.62
COP,20/4/2018,1930.62
COP,21/4/2018,1930.62
COP,22/4/2018,1921.75
COP,23/4/2018,1929.66
COP,24/4/2018,1936.63
COP,25/4/2018,1936.07
COP,26/4/2018,1942.37
COP,27/4/2018,1942.37
COP,28/4/2018,1942.37
COP,29/4/2018,1936.13
COP,30/4/2018,1935.14
COP,1/5/2018,1933.46
COP,2/5/2018,1933.46
COP,3/5/2018,1926.30
COP,4/5/2018,1926.30
COP,5/5/2018,1926.30
COP,6/5/2018,1923.07
COP,7/5/2018,1918.20
COP,8/5/2018,1912.97
COP,9/5/2018,1902.15
COP,10/5/2018,1901.51
COP,11/5/2018,1901.51
COP,12/5/2018,1901.51
COP,13/5/2018,1904.85
COP,14/5/2018,1919.70
COP,15/5/2018,1925.31
COP,16/5/2018,1927.80
COP,17/5/2018,1925.41
COP,18/5/2018,1925.41
COP,19/5/2018,1925.41
COP,20/5/2018,1921.16
COP,21/5/2018,1920.41
COP,22/5/2018,1911.33
COP,23/5/2018,1905.80
COP,24/5/2018,1905.53
COP,25/5/2018,1905.53
COP,26/5/2018,1905.53
COP,27/5/2018,1905.53
COP,28/5/2018,1917.34
COP,29/5/2018,1910.80
COP,30/5/2018,1905.96
COP,31/5/2018,1900.64
COP,1/6/2018,1900.64
COP,2/6/2018,1900.64
COP,3/6/2018,1900.64
COP,4/6/2018,1899.74
COP,5/6/2018,1897.70
COP,6/6/2018,1892.08
COP,7/6/2018,1886.09
COP,8/6/2018,1886.09
COP,9/6/2018,1886.09
COP,10/6/2018,1883.76
COP,11/6/2018,1884.97
COP,12/6/2018,1884.63
COP,13/6/2018,1877.18
COP,14/6/2018,1877.37
COP,15/6/2018,1877.37
COP,16/6/2018,1877.37
COP,17/6/2018,1886.62
COP,18/6/2018,1899.90
COP,19/6/2018,1895.92
COP,20/6/2018,1881.34
COP,21/6/2018,1884.56
COP,22/6/2018,1884.56
COP,23/6/2018,1884.56
COP,24/6/2018,1884.56
COP,25/6/2018,1886.85
COP,26/6/2018,1880.37
COP,27/6/2018,1886.01
COP,28/6/2018,1881.19
COP,29/6/2018,1881.19
COP,30/6/2018,1881.19
COP,1/7/2018,1881.19
COP,2/7/2018,1865.42
COP,3/7/2018,1856.73
COP,4/7/2018,1848.91
COP,5/7/2018,1848.91
COP,6/7/2018,1848.91
COP,7/7/2018,1848.91
COP,8/7/2018,1849.28
COP,9/7/2018,1854.24
COP,10/7/2018,1859.94
COP,11/7/2018,1858.47
COP,12/7/2018,1852.57
COP,13/7/2018,1852.57
COP,14/7/2018,1852.57
COP,15/7/2018,1857.93
COP,16/7/2018,1867.88
COP,17/7/2018,1868.41
COP,18/7/2018,1872.27
COP,19/7/2018,1871.87
COP,20/7/2018,1871.87
COP,21/7/2018,1871.87
COP,22/7/2018,1861.28
COP,23/7/2018,1848.98
COP,24/7/2018,1847.85
COP,25/7/2018,1846.12
COP,26/7/2018,1848.56
COP,27/7/2018,1848.56
COP,28/7/2018,1848.56
COP,29/7/2018,1850.61
COP,30/7/2018,1853.30
COP,31/7/2018,1872.43
COP,1/8/2018,1878.75
COP,2/8/2018,1873.65
COP,3/8/2018,1873.65
COP,4/8/2018,1873.65
COP,5/8/2018,1878.68
COP,6/8/2018,1892.35
COP,7/8/2018,1888.51
COP,8/8/2018,1888.51
COP,9/8/2018,1891.59
COP,10/8/2018,1891.59
COP,11/8/2018,1891.59
COP,12/8/2018,1881.62
COP,13/8/2018,1877.40
COP,14/8/2018,1883.33
COP,15/8/2018,1877.77
COP,16/8/2018,1884.81
COP,17/8/2018,1884.81
COP,18/8/2018,1884.81
COP,19/8/2018,1884.81
COP,20/8/2018,1894.27
COP,21/8/2018,1912.43
COP,22/8/2018,1919.84
COP,23/8/2018,1924.40
COP,24/8/2018,1924.40
COP,25/8/2018,1924.40
COP,26/8/2018,1932.39
COP,27/8/2018,1928.67
COP,28/8/2018,1926.92
COP,29/8/2018,1935.04
COP,30/8/2018,1918.62
COP,31/8/2018,1918.62
COP,1/9/2018,1918.62
COP,2/9/2018,1918.62
COP,3/9/2018,1931.49
COP,4/9/2018,1924.67
COP,5/9/2018,1931.45
COP,6/9/2018,1935.25
COP,7/9/2018,1935.25
COP,8/9/2018,1935.25
COP,9/9/2018,1942.03
COP,10/9/2018,1962.84
COP,11/9/2018,1975.82
COP,12/9/2018,1979.97
COP,13/9/2018,1994.97
COP,14/9/2018,1994.97
COP,15/9/2018,1994.97
COP,16/9/2018,1987.71
COP,17/9/2018,1978.08
COP,18/9/2018,1975.47
COP,19/9/2018,1975.42
COP,20/9/2018,1966.89
COP,21/9/2018,1966.89
COP,22/9/2018,1966.89
COP,23/9/2018,1992.68
COP,24/9/2018,1997.91
COP,25/9/2018,2007.48
COP,26/9/2018,2019.76
COP,27/9/2018,2023.89
COP,28/9/2018,2023.89
COP,29/9/2018,2023.89
COP,30/9/2018,2028.48
COP,1/10/2018,2022.00
COP,2/10/2018,2025.75
COP,3/10/2018,2021.49
COP,4/10/2018,2026.20
COP,5/10/2018,2026.20
COP,6/10/2018,2026.20
COP,7/10/2018,2028.03
COP,8/10/2018,2026.90
COP,9/10/2018,2040.31
COP,10/10/2018,2041.71
COP,11/10/2018,2052.96
COP,12/10/2018,2052.96
COP,13/10/2018,2052.96
COP,14/10/2018,2052.96
COP,15/10/2018,2049.66
COP,16/10/2018,2057.70
COP,17/10/2018,2074.40
COP,18/10/2018,2064.43
COP,19/10/2018,2064.43
COP,20/10/2018,2064.43
COP,21/10/2018,2065.82
COP,22/10/2018,2048.44
COP,23/10/2018,2049.90
COP,24/10/2018,2053.39
COP,25/10/2018,2065.38
COP,26/10/2018,2065.38
COP,27/10/2018,2065.38
COP,28/10/2018,2069.72
COP,29/10/2018,2055.43
COP,30/10/2018,2044.55
COP,31/10/2018,2050.52
COP,1/11/2018,2061.92
COP,2/11/2018,2061.92
COP,3/11/2018,2061.92
COP,4/11/2018,2061.92
COP,5/11/2018,2076.99
COP,6/11/2018,2081.24
COP,7/11/2018,2086.86
COP,8/11/2018,2103.25
COP,9/11/2018,2103.25
COP,10/11/2018,2103.25
COP,11/11/2018,2103.12
COP,12/11/2018,2103.12
COP,13/11/2018,2115.59
COP,14/11/2018,2133.03
COP,15/11/2018,2160.47
COP,16/11/2018,2160.47
COP,17/11/2018,2160.47
COP,18/11/2018,2160.47
COP,19/11/2018,2158.58
COP,20/11/2018,2156.73
COP,21/11/2018,2156.93
COP,22/11/2018,2142.02
COP,23/11/2018,2142.02
COP,24/11/2018,2142.02
COP,25/11/2018,2158.12
COP,26/11/2018,2162.15
COP,27/11/2018,2165.15
COP,28/11/2018,2165.15
COP,29/11/2018,2206.19
COP,30/11/2018,2206.19
COP,1/12/2018,2206.19
COP,2/12/2018,2252.36
COP,3/12/2018,2293.47
COP,4/12/2018,2286.03
COP,5/12/2018,2284.24
COP,6/12/2018,2304.12
COP,7/12/2018,2304.12
COP,8/12/2018,2304.12
COP,9/12/2018,2304.12
COP,10/12/2018,2350.01
COP,11/12/2018,2381.96
COP,12/12/2018,2423.56
COP,13/12/2018,2405.31
COP,14/12/2018,2405.31
COP,15/12/2018,2405.31
COP,16/12/2018,2414.39
COP,17/12/2018,2446.35
COP,18/12/2018,2412.79
COP,19/12/2018,2334.98
COP,20/12/2018,2297.14
COP,21/12/2018,2297.14
COP,22/12/2018,2297.14
COP,23/12/2018,2316.93
COP,24/12/2018,2342.57
COP,25/12/2018,2346.90
COP,26/12/2018,2346.90
COP,27/12/2018,2358.46
COP,28/12/2018,2358.46
COP,29/12/2018,2358.46
COP,30/12/2018,2378.56
COP,31/12/2018,2392.46
COP,1/1/2019,2392.46
COP,2/1/2019,2392.46
COP,3/1/2019,2383.37
COP,4/1/2019,2383.37
COP,5/1/2019,2383.37
COP,6/1/2019,2412.82
COP,7/1/2019,2452.11
COP,8/1/2019,2434.31
COP,9/1/2019,2405.03
COP,10/1/2019,2406.71
COP,11/1/2019,2406.71
COP,12/1/2019,2406.71
COP,13/1/2019,2406.71
COP,14/1/2019,2442.03
COP,15/1/2019,2438.79
COP,16/1/2019,2398.91
COP,17/1/2019,2383.91
COP,18/1/2019,2383.91
COP,19/1/2019,2383.91
COP,20/1/2019,2383.91
COP,21/1/2019,2373.44
COP,22/1/2019,2361.54
COP,23/1/2019,2370.75
COP,24/1/2019,2386.50
COP,25/1/2019,2386.50
COP,26/1/2019,2386.50
COP,27/1/2019,2386.28
COP,28/1/2019,2381.11
COP,29/1/2019,2362.42
COP,30/1/2019,2397.35
COP,31/1/2019,2441.10
COP,1/2/2019,2441.10
COP,2/2/2019,2441.10
COP,3/2/2019,2407.29
COP,4/2/2019,2374.72
COP,5/2/2019,2381.91
COP,6/2/2019,2384.53
COP,7/2/2019,2384.76
COP,8/2/2019,2384.76
COP,9/2/2019,2384.76
COP,10/2/2019,2371.31
COP,11/2/2019,2380.79
COP,12/2/2019,2416.61
COP,13/2/2019,2401.03
COP,14/2/2019,2376.23
COP,15/2/2019,2376.23
COP,16/2/2019,2376.23
COP,27/02/2019,2499.97
COP,26/02/2019,2491.95
COP,25/02/2019,2485.50
COP,24/02/2019,2486.00
COP,23/02/2019,2499.26
COP,20/02/2019,2459.42
COP,19/02/2019,2444.95
COP,18/02/2019,2430.65
COP,17/02/2019,2415.85
BRL,27/02/2019,2.839
BRL,26/02/2019,2.9085
BRL,25/02/2019,2.875
BRL,24/02/2019,2.833
BRL,23/02/2019,2.8788
BRL,22/02/2019,2.8691
BRL,20/02/2019,2.868
BRL,19/02/2019,2.8665
BRL,18/02/2019,2.8374
BRL,17/02/2019,2.8295
BRL,16/02/2019,2.8346
BRL,15/02/2019,2.8345
BRL,13/02/2019,2.8346
BRL,12/02/2019,2.821
BRL,11/02/2019,2.8693
BRL,10/02/2019,2.8343
BRL,09/02/2019,2.7698
BRL,08/02/2019,2.7831
BRL,06/02/2019,2.7825
BRL,05/02/2019,2.7451
BRL,04/02/2019,2.7418
BRL,03/02/2019,2.6945
BRL,02/02/2019,2.7271
BRL,01/02/2019,2.6838
BRL,30/01/2019,2.6824
BRL,29/01/2019,2.6035
BRL,28/01/2019,2.5764
BRL,27/01/2019,2.5724
BRL,26/01/2019,2.5835
BRL,25/01/2019,2.5814
BRL,23/01/2019,2.5798
BRL,22/01/2019,2.5745
BRL,21/01/2019,2.6005
BRL,20/01/2019,2.6138
BRL,19/01/2019,2.6517
BRL,18/01/2019,2.6219
BRL,16/01/2019,2.621
BRL,15/01/2019,2.6423
BRL,14/01/2019,2.616
BRL,13/01/2019,2.643
BRL,12/01/2019,2.6734
BRL,11/01/2019,2.6298
BRL,09/01/2019,2.6301
BRL,08/01/2019,2.663
BRL,07/01/2019,2.6835
BRL,06/01/2019,2.7001
BRL,05/01/2019,2.7064
BRL,04/01/2019,2.6946
BRL,02/01/2019,2.6941
BRL,01/01/2019,2.6575
BRL,31/12/2018,2.6575
BRL,30/12/2018,2.6575
BRL,29/12/2018,2.7027
BRL,28/12/2018,2.6959
BRL,26/12/2018,2.6685
BRL,25/12/2018,2.6957
BRL,24/12/2018,2.6955
BRL,23/12/2018,2.6946
BRL,22/12/2018,2.6645
BRL,21/12/2018,2.657
BRL,19/12/2018,2.6598
BRL,18/12/2018,2.6625
BRL,17/12/2018,2.7154
BRL,16/12/2018,2.7384
BRL,15/12/2018,2.6955
BRL,14/12/2018,2.6546
BRL,12/12/2018,2.6545
BRL,11/12/2018,2.6498
BRL,10/12/2018,2.6162
BRL,09/12/2018,2.593
BRL,08/12/2018,2.6004
BRL,07/12/2018,2.5894
BRL,05/12/2018,2.5895
BRL,04/12/2018,2.5915
BRL,03/12/2018,2.5525
BRL,02/12/2018,2.5682
BRL,01/12/2018,2.56
BRL,30/11/2018,2.5516
BRL,28/11/2018,2.5659
BRL,27/11/2018,2.5304
BRL,26/11/2018,2.5011
BRL,25/11/2018,2.5303
BRL,24/11/2018,2.5457
BRL,23/11/2018,2.5152
BRL,21/11/2018,2.5153
BRL,20/11/2018,2.573
BRL,19/11/2018,2.572
BRL,18/11/2018,2.5825
BRL,17/11/2018,2.6081
BRL,16/11/2018,2.6018
BRL,14/11/2018,2.6018
BRL,13/11/2018,2.589
BRL,12/11/2018,2.5665
BRL,11/11/2018,2.5575
BRL,10/11/2018,2.5528
BRL,09/11/2018,2.569
BRL,07/11/2018,2.5587
BRL,06/11/2018,2.5697
BRL,05/11/2018,2.5048
BRL,04/11/2018,2.497
BRL,03/11/2018,2.4966
BRL,02/11/2018,2.4335
BRL,31/10/2018,2.4783
BRL,30/10/2018,2.4036
BRL,29/10/2018,2.4612
BRL,28/10/2018,2.4613
BRL,27/10/2018,2.5227
BRL,26/10/2018,2.4739
BRL,24/10/2018,2.4739
BRL,23/10/2018,2.4987
BRL,22/10/2018,2.4872
BRL,21/10/2018,2.4809
BRL,20/10/2018,2.4652
BRL,19/10/2018,2.4357
BRL,17/10/2018,2.4356
BRL,16/10/2018,2.4728
BRL,15/10/2018,2.4583
BRL,14/10/2018,2.4003
BRL,13/10/2018,2.3942
BRL,12/10/2018,2.4058
BRL,10/10/2018,2.4295
BRL,09/10/2018,2.3982
BRL,08/10/2018,2.3769
BRL,07/10/2018,2.3961
BRL,06/10/2018,2.4238
BRL,05/10/2018,2.4599
BRL,03/10/2018,2.4588
BRL,02/10/2018,2.4952
BRL,01/10/2018,2.4815
BRL,30/09/2018,2.4461
BRL,29/09/2018,2.447
BRL,28/09/2018,2.4395
BRL,26/09/2018,2.42
BRL,25/09/2018,2.4283
BRL,24/09/2018,2.3836
BRL,23/09/2018,2.4118
BRL,22/09/2018,2.3984
BRL,21/09/2018,2.37
BRL,19/09/2018,2.3682
BRL,18/09/2018,2.3646
BRL,17/09/2018,2.3584
BRL,16/09/2018,2.3325
BRL,15/09/2018,2.3427
BRL,14/09/2018,2.2912
BRL,12/09/2018,2.3392
BRL,11/09/2018,2.298
BRL,10/09/2018,2.2885
BRL,09/09/2018,2.2868
BRL,08/09/2018,2.2677
BRL,07/09/2018,2.2428
BRL,05/09/2018,2.2405
BRL,04/09/2018,2.2431
BRL,03/09/2018,2.237
BRL,02/09/2018,2.2435
BRL,01/09/2018,2.2458
BRL,31/08/2018,2.2366
BRL,29/08/2018,2.236
BRL,28/08/2018,2.2415
BRL,27/08/2018,2.2471
BRL,26/08/2018,2.2618
BRL,25/08/2018,2.2883
BRL,24/08/2018,2.2779
BRL,22/08/2018,2.2778
BRL,21/08/2018,2.2687
BRL,20/08/2018,2.2623
BRL,19/08/2018,2.2467
BRL,18/08/2018,2.2576
BRL,17/08/2018,2.2643
BRL,15/08/2018,2.2598
BRL,14/08/2018,2.2666
BRL,13/08/2018,2.2803
BRL,12/08/2018,2.2767
BRL,11/08/2018,2.2755
BRL,10/08/2018,2.284
BRL,08/08/2018,2.2812
BRL,07/08/2018,2.2957
BRL,06/08/2018,2.2738
BRL,05/08/2018,2.2818
BRL,04/08/2018,2.2584
BRL,03/08/2018,2.2573
BRL,01/08/2018,2.2574
BRL,31/07/2018,2.2639
BRL,30/07/2018,2.2454
BRL,29/07/2018,2.2304
BRL,28/07/2018,2.2222
BRL,27/07/2018,2.2271
BRL,25/07/2018,2.229
BRL,24/07/2018,2.2228
BRL,23/07/2018,2.2182
BRL,22/07/2018,2.213
BRL,21/07/2018,2.22
BRL,20/07/2018,2.2273
BRL,18/07/2018,2.2255
BRL,17/07/2018,2.2582
BRL,16/07/2018,2.2239
BRL,15/07/2018,2.2199
BRL,14/07/2018,2.2107
BRL,13/07/2018,2.2225
BRL,11/07/2018,2.2208
BRL,10/07/2018,2.2193
BRL,09/07/2018,2.2123
BRL,08/07/2018,2.2123
BRL,07/07/2018,2.2239
BRL,06/07/2018,2.2128
BRL,04/07/2018,2.2132
BRL,03/07/2018,2.2103
BRL,02/07/2018,2.2252
BRL,01/07/2018,2.2017
BRL,30/06/2018,2.2144
BRL,29/06/2018,2.1947
BRL,27/06/2018,2.194
BRL,26/06/2018,2.1969
BRL,25/06/2018,2.2079
BRL,24/06/2018,2.2252
BRL,23/06/2018,2.218
BRL,22/06/2018,2.2298
BRL,20/06/2018,2.2295
BRL,19/06/2018,2.2225
BRL,18/06/2018,2.228
BRL,17/06/2018,2.2618
BRL,16/06/2018,2.2343
BRL,15/06/2018,2.2246
BRL,13/06/2018,2.2241
BRL,12/06/2018,2.23
BRL,11/06/2018,2.2335
BRL,10/06/2018,2.2225
BRL,09/06/2018,2.2277
BRL,08/06/2018,2.2478
BRL,06/06/2018,2.2475
BRL,05/06/2018,2.2617
BRL,04/06/2018,2.2781
BRL,03/06/2018,2.2805
BRL,02/06/2018,2.2769
BRL,01/06/2018,2.2418
BRL,30/05/2018,2.2407
BRL,29/05/2018,2.2252
BRL,28/05/2018,2.2325
BRL,27/05/2018,2.2378
BRL,26/05/2018,2.2239
BRL,25/05/2018,2.224
BRL,23/05/2018,2.2235
BRL,22/05/2018,2.2153
BRL,21/05/2018,2.2075
BRL,20/05/2018,2.2165
BRL,19/05/2018,2.2058
BRL,18/05/2018,2.2153
BRL,16/05/2018,2.2146
BRL,15/05/2018,2.2203
BRL,14/05/2018,2.2025
BRL,13/05/2018,2.2151
BRL,12/05/2018,2.2145
BRL,11/05/2018,2.2125
BRL,09/05/2018,2.2128
BRL,08/05/2018,2.2153
BRL,07/05/2018,2.2166
BRL,06/05/2018,2.2292
BRL,05/05/2018,2.2431
BRL,04/05/2018,2.22
BRL,02/05/2018,2.22
BRL,01/05/2018,2.2335
BRL,30/04/2018,2.233
BRL,29/04/2018,2.2359
BRL,28/04/2018,2.2237
BRL,27/04/2018,2.2438
BRL,25/04/2018,2.2445
BRL,24/04/2018,2.2138
BRL,23/04/2018,2.2212
BRL,22/04/2018,2.238
BRL,21/04/2018,2.237
BRL,20/04/2018,2.2332
BRL,18/04/2018,2.2372
BRL,17/04/2018,2.2376
BRL,16/04/2018,2.2437
BRL,15/04/2018,2.233
BRL,14/04/2018,2.214
BRL,13/04/2018,2.2189
BRL,11/04/2018,2.2184
BRL,10/04/2018,2.2067
BRL,09/04/2018,2.1856
BRL,08/04/2018,2.2012
BRL,07/04/2018,2.2189
BRL,06/04/2018,2.2358
BRL,04/04/2018,2.2361
BRL,03/04/2018,2.2793
BRL,02/04/2018,2.2691
BRL,01/04/2018,2.2607
BRL,31/03/2018,2.2721
BRL,30/03/2018,2.2611
BRL,28/03/2018,2.2618
BRL,27/03/2018,2.2593
BRL,26/03/2018,2.3041
BRL,25/03/2018,2.3114
BRL,24/03/2018,2.3225
BRL,23/03/2018,2.3248
BRL,21/03/2018,2.3246
BRL,20/03/2018,2.3281
BRL,19/03/2018,2.3478
BRL,18/03/2018,2.3342
BRL,17/03/2018,2.3495
BRL,16/03/2018,2.3455
BRL,14/03/2018,2.3465
BRL,13/03/2018,2.3641
BRL,12/03/2018,2.3525
BRL,11/03/2018,2.3642
BRL,10/03/2018,2.3497
BRL,09/03/2018,2.3406
BRL,07/03/2018,2.3405
BRL,06/03/2018,2.3232
BRL,05/03/2018,2.3181
BRL,04/03/2018,2.3412
BRL,03/03/2018,2.3441
BRL,02/03/2018,2.3384
BRL,28/02/2018,2.3384
BRL,27/02/2018,2.322
BRL,26/02/2018,2.3497
BRL,25/02/2018,2.3411
BRL,24/02/2018,2.3392
BRL,23/02/2018,2.3456
BRL,21/02/2018,2.3455
BRL,20/02/2018,2.3704
BRL,19/02/2018,2.3942
BRL,18/02/2018,2.3955
BRL,17/02/2018,2.39
BRL,16/02/2018,2.3891
BRL,14/02/2018,2.3891
BRL,13/02/2018,2.3938
BRL,12/02/2018,2.4255
BRL,11/02/2018,2.4005
BRL,10/02/2018,2.409
BRL,09/02/2018,2.3802
BRL,07/02/2018,2.3802
BRL,06/02/2018,2.3825
BRL,05/02/2018,2.3986
BRL,04/02/2018,2.4055
BRL,03/02/2018,2.4402
BRL,02/02/2018,2.4409
BRL,31/01/2018,2.4127
BRL,30/01/2018,2.4118
BRL,29/01/2018,2.4352
BRL,28/01/2018,2.4263
BRL,27/01/2018,2.4215
BRL,26/01/2018,2.3982
BRL,24/01/2018,2.3982
BRL,23/01/2018,2.3958
BRL,22/01/2018,2.3731
BRL,21/01/2018,2.3575
BRL,20/01/2018,2.3443
BRL,19/01/2018,2.366
BRL,17/01/2018,2.3426
BRL,16/01/2018,2.3636
BRL,15/01/2018,2.3605
BRL,14/01/2018,2.3503
BRL,13/01/2018,2.3598
BRL,12/01/2018,2.3585
BRL,10/01/2018,2.3584
BRL,09/01/2018,2.3904
BRL,08/01/2018,2.3967
BRL,07/01/2018,2.3725
BRL,06/01/2018,2.3761
BRL,05/01/2018,2.3765
BRL,03/01/2018,2.3765
BRL,02/01/2018,2.3876
BRL,01/01/2018,2.3621
EUR,27/02/2019,0.8932
EUR,26/02/2019,0.8931
EUR,25/02/2019,0.8801
EUR,24/02/2019,0.8818
EUR,23/02/2019,0.8824
EUR,22/02/2019,0.8787
EUR,20/02/2019,0.8787
EUR,19/02/2019,0.8798
EUR,18/02/2019,0.8774
EUR,17/02/2019,0.8762
EUR,16/02/2019,0.8807
EUR,15/02/2019,0.8774
EUR,13/02/2019,0.8783
EUR,12/02/2019,0.8770
EUR,11/02/2019,0.8823
EUR,10/02/2019,0.8833
EUR,09/02/2019,0.8831
EUR,08/02/2019,0.8839
EUR,06/02/2019,0.8837
EUR,05/02/2019,0.8713
EUR,04/02/2019,0.8813
EUR,03/02/2019,0.8710
EUR,02/02/2019,0.8817
EUR,01/02/2019,0.8843
EUR,30/01/2019,0.8859
EUR,29/01/2019,0.8834
EUR,28/01/2019,0.8859
EUR,27/01/2019,0.8787
EUR,26/01/2019,0.8898
EUR,25/01/2019,0.8990
EUR,23/01/2019,0.8922
EUR,22/01/2019,0.8798
EUR,21/01/2019,0.8613
EUR,20/01/2019,0.8658
EUR,19/01/2019,0.8617
EUR,18/01/2019,0.8648
EUR,16/01/2019,0.8643
EUR,15/01/2019,0.8598
EUR,14/01/2019,0.8482
EUR,13/01/2019,0.8495
EUR,12/01/2019,0.8451
EUR,11/01/2019,0.8425
EUR,09/01/2019,0.8445
EUR,08/01/2019,0.8480
EUR,07/01/2019,0.8447
EUR,06/01/2019,0.8411
EUR,05/01/2019,0.8380
EUR,04/01/2019,0.8371
EUR,02/01/2019,0.8331
EUR,01/01/2019,0.8262
EUR,31/12/2018,0.8266
EUR,30/12/2018,0.8225
EUR,29/12/2018,0.8229
EUR,28/12/2018,0.8218
EUR,26/12/2018,0.8213
EUR,25/12/2018,0.8182
EUR,24/12/2018,0.8200
EUR,23/12/2018,0.8215
EUR,22/12/2018,0.8176
EUR,21/12/2018,0.8180
EUR,19/12/2018,0.8177
EUR,18/12/2018,0.8139
EUR,17/12/2018,0.8102
EUR,16/12/2018,0.7993
EUR,15/12/2018,0.8040
EUR,14/12/2018,0.8024
EUR,12/12/2018,0.8024
EUR,11/12/2018,0.8057
EUR,10/12/2018,0.8034
EUR,09/12/2018,0.8081
EUR,08/12/2018,0.8119
EUR,07/12/2018,0.8135
EUR,05/12/2018,0.8139
EUR,04/12/2018,0.8078
EUR,03/12/2018,0.8123
EUR,02/12/2018,0.8075
EUR,01/12/2018,0.8020
EUR,30/11/2018,0.8040
EUR,28/11/2018,0.8031
EUR,27/11/2018,0.8022
EUR,26/11/2018,0.7996
EUR,25/11/2018,0.8016
EUR,24/11/2018,0.8037
EUR,23/11/2018,0.8082
EUR,21/11/2018,0.8071
EUR,20/11/2018,0.7975
EUR,19/11/2018,0.7965
EUR,18/11/2018,0.7976
EUR,17/11/2018,0.8032
EUR,16/11/2018,0.7988
EUR,14/11/2018,0.7985
EUR,13/11/2018,0.8015
EUR,12/11/2018,0.8040
EUR,11/11/2018,0.8016
EUR,10/11/2018,0.8051
EUR,09/11/2018,0.8025
EUR,07/11/2018,0.8030
EUR,06/11/2018,0.8081
EUR,05/11/2018,0.8009
EUR,04/11/2018,0.7971
EUR,03/11/2018,0.8012
EUR,02/11/2018,0.7999
EUR,31/10/2018,0.7984
EUR,30/10/2018,0.7929
EUR,29/10/2018,0.7916
EUR,28/10/2018,0.7853
EUR,27/10/2018,0.7875
EUR,26/10/2018,0.7889
EUR,24/10/2018,0.7893
EUR,23/10/2018,0.7907
EUR,22/10/2018,0.7905
EUR,21/10/2018,0.7864
EUR,20/10/2018,0.7813
EUR,19/10/2018,0.7844
EUR,17/10/2018,0.7835
EUR,16/10/2018,0.7806
EUR,15/10/2018,0.7790
EUR,14/10/2018,0.7900
EUR,13/10/2018,0.7842
EUR,12/10/2018,0.7912
EUR,10/10/2018,0.7919
EUR,09/10/2018,0.7880
EUR,08/10/2018,0.7853
EUR,07/10/2018,0.7893
EUR,06/10/2018,0.7903
EUR,05/10/2018,0.7992
EUR,03/10/2018,0.7989
EUR,02/10/2018,0.7893
EUR,01/10/2018,0.7922
EUR,30/09/2018,0.7916
EUR,29/09/2018,0.7883
EUR,28/09/2018,0.7891
EUR,26/09/2018,0.7884
EUR,25/09/2018,0.7843
EUR,24/09/2018,0.7824
EUR,23/09/2018,0.7784
EUR,22/09/2018,0.7782
EUR,21/09/2018,0.7788
EUR,19/09/2018,0.7794
EUR,18/09/2018,0.7739
EUR,17/09/2018,0.7772
EUR,16/09/2018,0.7716
EUR,15/09/2018,0.7727
EUR,14/09/2018,0.7717
EUR,12/09/2018,0.7713
EUR,11/09/2018,0.7736
EUR,10/09/2018,0.7742
EUR,09/09/2018,0.7730
EUR,08/09/2018,0.7753
EUR,07/09/2018,0.7721
EUR,05/09/2018,0.7722
EUR,04/09/2018,0.7725
EUR,03/09/2018,0.7604
EUR,02/09/2018,0.7614
EUR,01/09/2018,0.7618
EUR,31/08/2018,0.7618
EUR,29/08/2018,0.7614
EUR,28/08/2018,0.7585
EUR,27/08/2018,0.7580
EUR,26/08/2018,0.7593
EUR,25/08/2018,0.7580
EUR,24/08/2018,0.7577
EUR,22/08/2018,0.7551
EUR,21/08/2018,0.7529
EUR,20/08/2018,0.7541
EUR,19/08/2018,0.7508
EUR,18/08/2018,0.7483
EUR,17/08/2018,0.7469
EUR,15/08/2018,0.7463
EUR,14/08/2018,0.7482
EUR,13/08/2018,0.7482
EUR,12/08/2018,0.7480
EUR,11/08/2018,0.7470
EUR,10/08/2018,0.7460
EUR,08/08/2018,0.7457
EUR,07/08/2018,0.7483
EUR,06/08/2018,0.7472
EUR,05/08/2018,0.7477
EUR,04/08/2018,0.7450
EUR,03/08/2018,0.7447
EUR,01/08/2018,0.7446
EUR,31/07/2018,0.7469
EUR,30/07/2018,0.7464
EUR,29/07/2018,0.7458
EUR,28/07/2018,0.7440
EUR,27/07/2018,0.7447
EUR,25/07/2018,0.7446
EUR,24/07/2018,0.7428
EUR,23/07/2018,0.7427
EUR,22/07/2018,0.7427
EUR,21/07/2018,0.7395
EUR,20/07/2018,0.7390
EUR,18/07/2018,0.7394
EUR,17/07/2018,0.7392
EUR,16/07/2018,0.7393
EUR,15/07/2018,0.7369
EUR,14/07/2018,0.7342
EUR,13/07/2018,0.7352
EUR,11/07/2018,0.7349
EUR,10/07/2018,0.7348
EUR,09/07/2018,0.7329
EUR,08/07/2018,0.7346
EUR,07/07/2018,0.7350
EUR,06/07/2018,0.7360
EUR,04/07/2018,0.7356
EUR,03/07/2018,0.7347
EUR,02/07/2018,0.7320
EUR,01/07/2018,0.7310
EUR,30/06/2018,0.7304
EUR,29/06/2018,0.7330
EUR,27/06/2018,0.7327
EUR,26/06/2018,0.7347
EUR,25/06/2018,0.7337
EUR,24/06/2018,0.7350
EUR,23/06/2018,0.7350
EUR,22/06/2018,0.7357
EUR,20/06/2018,0.7353
EUR,19/06/2018,0.7349
EUR,18/06/2018,0.7356
EUR,17/06/2018,0.7382
EUR,16/06/2018,0.7367
EUR,15/06/2018,0.7388
EUR,13/06/2018,0.7384
EUR,12/06/2018,0.7379
EUR,11/06/2018,0.7389
EUR,10/06/2018,0.7381
EUR,09/06/2018,0.7356
EUR,08/06/2018,0.7327
EUR,06/06/2018,0.7330
EUR,05/06/2018,0.7321
EUR,04/06/2018,0.7353
EUR,03/06/2018,0.7338
EUR,02/06/2018,0.7355
EUR,01/06/2018,0.7338
EUR,30/05/2018,0.7337
EUR,29/05/2018,0.7351
EUR,28/05/2018,0.7358
EUR,27/05/2018,0.7335
EUR,26/05/2018,0.7329
EUR,25/05/2018,0.7338
EUR,23/05/2018,0.7335
EUR,22/05/2018,0.7323
EUR,21/05/2018,0.7307
EUR,20/05/2018,0.7298
EUR,19/05/2018,0.7295
EUR,18/05/2018,0.7298
EUR,16/05/2018,0.7302
EUR,15/05/2018,0.7294
EUR,14/05/2018,0.7291
EUR,13/05/2018,0.7297
EUR,12/05/2018,0.7269
EUR,11/05/2018,0.7267
EUR,09/05/2018,0.7268
EUR,08/05/2018,0.7225
EUR,07/05/2018,0.7188
EUR,06/05/2018,0.7180
EUR,05/05/2018,0.7207
EUR,04/05/2018,0.7209
EUR,02/05/2018,0.7209
EUR,01/05/2018,0.7210
EUR,30/04/2018,0.7211
EUR,29/04/2018,0.7240
EUR,28/04/2018,0.7220
EUR,27/04/2018,0.7226
EUR,25/04/2018,0.7229
EUR,24/04/2018,0.7229
EUR,23/04/2018,0.7238
EUR,22/04/2018,0.7244
EUR,21/04/2018,0.7250
EUR,20/04/2018,0.7239
EUR,18/04/2018,0.7238
EUR,17/04/2018,0.7238
EUR,16/04/2018,0.7238
EUR,15/04/2018,0.7239
EUR,14/04/2018,0.7236
EUR,13/04/2018,0.7222
EUR,11/04/2018,0.7202
EUR,10/04/2018,0.7200
EUR,09/04/2018,0.7218
EUR,08/04/2018,0.7248
EUR,07/04/2018,0.7278
EUR,06/04/2018,0.7298
EUR,04/04/2018,0.7298
EUR,03/04/2018,0.7289
EUR,02/04/2018,0.7264
EUR,01/04/2018,0.7250
EUR,31/03/2018,0.7261
EUR,30/03/2018,0.7272
EUR,28/03/2018,0.7271
EUR,27/03/2018,0.7278
EUR,26/03/2018,0.7255
EUR,25/03/2018,0.7232
EUR,24/03/2018,0.7226
EUR,23/03/2018,0.7247
EUR,21/03/2018,0.7249
EUR,20/03/2018,0.7258
EUR,19/03/2018,0.7229
EUR,18/03/2018,0.7177
EUR,17/03/2018,0.7183
EUR,16/03/2018,0.7188
EUR,14/03/2018,0.7187
EUR,13/03/2018,0.7210
EUR,12/03/2018,0.7192
EUR,11/03/2018,0.7216
EUR,10/03/2018,0.7207
EUR,09/03/2018,0.7206
EUR,07/03/2018,0.7206
EUR,06/03/2018,0.7215
EUR,05/03/2018,0.7282
EUR,04/03/2018,0.7276
EUR,03/03/2018,0.7280
EUR,02/03/2018,0.7259
EUR,28/02/2018,0.7245
EUR,27/02/2018,0.7295
EUR,26/02/2018,0.7306
EUR,25/02/2018,0.7275
EUR,24/02/2018,0.7280
EUR,23/02/2018,0.7280
EUR,21/02/2018,0.7278
EUR,20/02/2018,0.7289
EUR,19/02/2018,0.7281
EUR,18/02/2018,0.7268
EUR,17/02/2018,0.7295
EUR,16/02/2018,0.7300
EUR,14/02/2018,0.7304
EUR,13/02/2018,0.7309
EUR,12/02/2018,0.7356
EUR,11/02/2018,0.7332
EUR,10/02/2018,0.7328
EUR,09/02/2018,0.7343
EUR,07/02/2018,0.7334
EUR,06/02/2018,0.7358
EUR,05/02/2018,0.7389
EUR,04/02/2018,0.7397
EUR,03/02/2018,0.7393
EUR,02/02/2018,0.7414
EUR,31/01/2018,0.7415
EUR,30/01/2018,0.7377
EUR,29/01/2018,0.7319
EUR,28/01/2018,0.7316
EUR,27/01/2018,0.7314
EUR,26/01/2018,0.7306
EUR,24/01/2018,0.7311
EUR,23/01/2018,0.7301
EUR,22/01/2018,0.7381
EUR,21/01/2018,0.7373
EUR,20/01/2018,0.7379
EUR,19/01/2018,0.7392
EUR,17/01/2018,0.7385
EUR,16/01/2018,0.7341
EUR,15/01/2018,0.7350
EUR,14/01/2018,0.7310
EUR,13/01/2018,0.7315
EUR,12/01/2018,0.7315
EUR,10/01/2018,0.7316
EUR,09/01/2018,0.7349
EUR,08/01/2018,0.7366
EUR,07/01/2018,0.7345
EUR,06/01/2018,0.7338
EUR,05/01/2018,0.7355
EUR,03/01/2018,0.7359
EUR,02/01/2018,0.7314
EUR,01/01/2018,0.7271
CNY,27/02/2019,6.2696
CNY,26/02/2019,6.2589
CNY,25/02/2019,6.2594
CNY,24/02/2019,6.2551
CNY,23/02/2019,6.2551
CNY,22/02/2019,6.2541
CNY,20/02/2019,6.2541
CNY,19/02/2019,6.2541
CNY,18/02/2019,6.2541
CNY,17/02/2019,6.2551
CNY,16/02/2019,6.2485
CNY,15/02/2019,6.2403
CNY,13/02/2019,6.2403
CNY,12/02/2019,6.2445
CNY,11/02/2019,6.2427
CNY,10/02/2019,6.241
CNY,09/02/2019,6.247
CNY,08/02/2019,6.2434
CNY,06/02/2019,6.244
CNY,05/02/2019,6.2521
CNY,04/02/2019,6.2477
CNY,03/02/2019,6.2578
CNY,02/02/2019,6.2596
CNY,01/02/2019,6.251
CNY,30/01/2019,6.25
CNY,29/01/2019,6.2466
CNY,28/01/2019,6.248
CNY,27/01/2019,6.2435
CNY,26/01/2019,6.254
CNY,25/01/2019,6.2279
CNY,23/01/2019,6.2284
CNY,22/01/2019,6.2088
CNY,21/01/2019,6.2115
CNY,20/01/2019,6.214
CNY,19/01/2019,6.2195
CNY,18/01/2019,6.207
CNY,16/01/2019,6.207
CNY,15/01/2019,6.1875
CNY,14/01/2019,6.1959
CNY,13/01/2019,6.1975
CNY,12/01/2019,6.2032
CNY,11/01/2019,6.2103
CNY,09/01/2019,6.2088
CNY,08/01/2019,6.2146
CNY,07/01/2019,6.213
CNY,06/01/2019,6.213
CNY,05/01/2019,6.2206
CNY,04/01/2019,6.2061
CNY,31/12/2018,6.2061
CNY,30/12/2018,6.202
CNY,29/12/2018,6.2225
CNY,28/12/2018,6.2153
CNY,26/12/2018,6.2129
CNY,25/12/2018,6.197
CNY,24/12/2018,6.2153
CNY,23/12/2018,6.2259
CNY,22/12/2018,6.2215
CNY,21/12/2018,6.2199
CNY,19/12/2018,6.2199
CNY,18/12/2018,6.2145
CNY,17/12/2018,6.197
CNY,16/12/2018,6.1895
CNY,15/12/2018,6.1905
CNY,14/12/2018,6.1869
CNY,12/12/2018,6.1869
CNY,11/12/2018,6.1886
CNY,10/12/2018,6.1765
CNY,09/12/2018,6.1878
CNY,08/12/2018,6.173
CNY,07/12/2018,6.1502
CNY,05/12/2018,6.1502
CNY,04/12/2018,6.1546
CNY,03/12/2018,6.1502
CNY,02/12/2018,6.1495
CNY,01/12/2018,6.152
CNY,30/11/2018,6.1432
CNY,28/11/2018,6.1432
CNY,27/11/2018,6.1391
CNY,26/11/2018,6.1391
CNY,25/11/2018,6.1365
CNY,24/11/2018,6.1417
CNY,23/11/2018,6.1249
CNY,21/11/2018,6.1249
CNY,20/11/2018,6.1235
CNY,19/11/2018,6.1195
CNY,18/11/2018,6.1213
CNY,17/11/2018,6.1243
CNY,16/11/2018,6.1295
CNY,14/11/2018,6.1295
CNY,13/11/2018,6.1248
CNY,12/11/2018,6.1262
CNY,11/11/2018,6.1245
CNY,10/11/2018,6.1195
CNY,09/11/2018,6.1228
CNY,07/11/2018,6.1227
CNY,06/11/2018,6.112
CNY,05/11/2018,6.114
CNY,04/11/2018,6.1152
CNY,03/11/2018,6.1183
CNY,02/11/2018,6.1127
CNY,31/10/2018,6.1127
CNY,30/10/2018,6.1145
CNY,29/10/2018,6.1112
CNY,28/10/2018,6.1132
CNY,27/10/2018,6.1165
CNY,26/10/2018,6.1171
CNY,24/10/2018,6.117
CNY,23/10/2018,6.1195
CNY,22/10/2018,6.1182
CNY,21/10/2018,6.121
CNY,20/10/2018,6.1235
CNY,19/10/2018,6.124
CNY,17/10/2018,6.1239
CNY,16/10/2018,6.1232
CNY,15/10/2018,6.1259
CNY,14/10/2018,6.1255
CNY,13/10/2018,6.1255
CNY,12/10/2018,6.1311
CNY,10/10/2018,6.1311
CNY,09/10/2018,6.1302
CNY,08/10/2018,6.139
CNY,07/10/2018,6.139
CNY,06/10/2018,6.139
CNY,05/10/2018,6.139
CNY,03/10/2018,6.139
CNY,02/10/2018,6.1385
CNY,01/10/2018,6.1385
CNY,30/09/2018,6.1385
CNY,29/09/2018,6.15
CNY,28/09/2018,6.1271
CNY,26/09/2018,6.1271
CNY,25/09/2018,6.136
CNY,24/09/2018,6.1366
CNY,23/09/2018,6.1378
CNY,22/09/2018,6.1405
CNY,21/09/2018,6.1411
CNY,19/09/2018,6.141
CNY,18/09/2018,6.1405
CNY,17/09/2018,6.139
CNY,16/09/2018,6.146
CNY,15/09/2018,6.142
CNY,14/09/2018,6.1347
CNY,12/09/2018,6.1346
CNY,11/09/2018,6.13
CNY,10/09/2018,6.1294
CNY,09/09/2018,6.1364
CNY,08/09/2018,6.1405
CNY,07/09/2018,6.1405
CNY,05/09/2018,6.1405
CNY,04/09/2018,6.1386
CNY,03/09/2018,6.141
CNY,02/09/2018,6.1482
CNY,01/09/2018,6.142
CNY,31/08/2018,6.1434
CNY,29/08/2018,6.1433
CNY,28/08/2018,6.1428
CNY,27/08/2018,6.1433
CNY,26/08/2018,6.1525
CNY,25/08/2018,6.1544
CNY,24/08/2018,6.1515
CNY,22/08/2018,6.1515
CNY,21/08/2018,6.1515
CNY,20/08/2018,6.14
CNY,19/08/2018,6.1413
CNY,18/08/2018,6.143
CNY,17/08/2018,6.1473
CNY,15/08/2018,6.1472
CNY,14/08/2018,6.1525
CNY,13/08/2018,6.1536
CNY,12/08/2018,6.158
CNY,11/08/2018,6.1535
CNY,10/08/2018,6.1562
CNY,08/08/2018,6.1562
CNY,07/08/2018,6.162
CNY,06/08/2018,6.163
CNY,05/08/2018,6.1707
CNY,04/08/2018,6.1785
CNY,03/08/2018,6.1798
CNY,01/08/2018,6.1798
CNY,31/07/2018,6.174
CNY,30/07/2018,6.1715
CNY,29/07/2018,6.1805
CNY,28/07/2018,6.1875
CNY,27/07/2018,6.1917
CNY,25/07/2018,6.1917
CNY,24/07/2018,6.1947
CNY,23/07/2018,6.1988
CNY,22/07/2018,6.203
CNY,21/07/2018,6.2093
CNY,20/07/2018,6.208
CNY,18/07/2018,6.208
CNY,17/07/2018,6.2038
CNY,16/07/2018,6.204
CNY,15/07/2018,6.208
CNY,14/07/2018,6.2061
CNY,11/07/2018,6.2035
CNY,10/07/2018,6.2028
CNY,09/07/2018,6.1999
CNY,08/07/2018,6.2018
CNY,07/07/2018,6.2038
CNY,06/07/2018,6.2041
CNY,04/07/2018,6.204
CNY,03/07/2018,6.212
CNY,02/07/2018,6.2106
CNY,01/07/2018,6.2
CNY,30/06/2018,6.2038
CNY,29/06/2018,6.2185
CNY,27/06/2018,6.2185
CNY,26/06/2018,6.224
CNY,25/06/2018,6.2344
CNY,24/06/2018,6.2311
CNY,23/06/2018,6.2255
CNY,22/06/2018,6.2245
CNY,20/06/2018,6.2245
CNY,19/06/2018,6.2291
CNY,18/06/2018,6.2314
CNY,17/06/2018,6.2268
CNY,16/06/2018,6.227
CNY,15/06/2018,6.2095
CNY,13/06/2018,6.2095
CNY,12/06/2018,6.2185
CNY,11/06/2018,6.2281
CNY,10/06/2018,6.2245
CNY,09/06/2018,6.2403
CNY,08/06/2018,6.2505
CNY,06/06/2018,6.2505
CNY,05/06/2018,6.2568
CNY,04/06/2018,6.2504
CNY,03/06/2018,6.2546
CNY,02/06/2018,6.2479
CNY,01/06/2018,6.2479
CNY,30/05/2018,6.2479
CNY,29/05/2018,6.238
CNY,28/05/2018,6.254
CNY,27/05/2018,6.2491
CNY,26/05/2018,6.2394
CNY,25/05/2018,6.2366
CNY,23/05/2018,6.2366
CNY,22/05/2018,6.2351
CNY,21/05/2018,6.2337
CNY,20/05/2018,6.2381
CNY,19/05/2018,6.2374
CNY,18/05/2018,6.2335
CNY,16/05/2018,6.2335
CNY,15/05/2018,6.2306
CNY,14/05/2018,6.229
CNY,13/05/2018,6.2291
CNY,12/05/2018,6.2375
CNY,11/05/2018,6.2277
CNY,09/05/2018,6.2276
CNY,08/05/2018,6.228
CNY,07/05/2018,6.2344
CNY,06/05/2018,6.2257
CNY,05/05/2018,6.2455
CNY,04/05/2018,6.2594
CNY,02/05/2018,6.2598
CNY,01/05/2018,6.2594
CNY,30/04/2018,6.2594
CNY,29/04/2018,6.258
CNY,28/04/2018,6.253
CNY,27/04/2018,6.2537
CNY,25/04/2018,6.2537
CNY,24/04/2018,6.2489
CNY,23/04/2018,6.2377
CNY,22/04/2018,6.2375
CNY,21/04/2018,6.2274
CNY,20/04/2018,6.2191
CNY,18/04/2018,6.2242
CNY,17/04/2018,6.2191
CNY,16/04/2018,6.2214
CNY,15/04/2018,6.222
CNY,14/04/2018,6.2191
CNY,13/04/2018,6.2114
CNY,11/04/2018,6.2114
CNY,10/04/2018,6.2126
CNY,09/04/2018,6.2005
CNY,08/04/2018,6.1969
CNY,07/04/2018,6.2123
CNY,06/04/2018,6.2123
CNY,04/04/2018,6.2123
CNY,03/04/2018,6.2107
CNY,02/04/2018,6.2057
CNY,01/04/2018,6.2069
CNY,31/03/2018,6.2172
CNY,30/03/2018,6.2122
CNY,28/03/2018,6.2122
CNY,27/03/2018,6.2129
CNY,26/03/2018,6.2094
CNY,25/03/2018,6.2017
CNY,24/03/2018,6.1959
CNY,23/03/2018,6.2251
CNY,21/03/2018,6.2251
CNY,20/03/2018,6.2275
CNY,19/03/2018,6.1954
CNY,18/03/2018,6.1921
CNY,17/03/2018,6.1781
CNY,16/03/2018,6.1503
CNY,14/03/2018,6.1502
CNY,13/03/2018,6.1361
CNY,12/03/2018,6.1451
CNY,11/03/2018,6.1402
CNY,10/03/2018,6.1386
CNY,09/03/2018,6.1261
CNY,07/03/2018,6.1261
CNY,06/03/2018,6.1185
CNY,05/03/2018,6.1283
CNY,04/03/2018,6.1436
CNY,03/03/2018,6.1463
CNY,02/03/2018,6.1451
CNY,28/02/2018,6.1451
CNY,27/02/2018,6.1284
CNY,26/02/2018,6.1248
CNY,25/02/2018,6.1246
CNY,24/02/2018,6.0984
CNY,23/02/2018,6.0915
CNY,21/02/2018,6.0915
CNY,20/02/2018,6.0835
CNY,19/02/2018,6.0765
CNY,18/02/2018,6.0674
CNY,17/02/2018,6.064
CNY,16/02/2018,6.0669
CNY,14/02/2018,6.0668
CNY,13/02/2018,6.0636
CNY,12/02/2018,6.0624
CNY,11/02/2018,6.0606
CNY,10/02/2018,6.0594
CNY,09/02/2018,6.0634
CNY,07/02/2018,6.0634
CNY,06/02/2018,6.061
CNY,05/02/2018,6.061
CNY,04/02/2018,6.061
CNY,03/02/2018,6.061
CNY,02/02/2018,6.061
CNY,31/01/2018,6.061
CNY,30/01/2018,6.061
CNY,29/01/2018,6.0556
CNY,28/01/2018,6.0508
CNY,27/01/2018,6.048
CNY,26/01/2018,6.0489
CNY,24/01/2018,6.0488
CNY,23/01/2018,6.0518
CNY,22/01/2018,6.0513
CNY,21/01/2018,6.0506
CNY,20/01/2018,6.0527
CNY,19/01/2018,6.0503
CNY,17/01/2018,6.0503
CNY,16/01/2018,6.0557
CNY,15/01/2018,6.046
CNY,14/01/2018,6.0412
CNY,13/01/2018,6.0433
CNY,12/01/2018,6.0522
CNY,10/01/2018,6.0522
CNY,09/01/2018,6.055
CNY,08/01/2018,6.0512
CNY,07/01/2018,6.0512
CNY,06/01/2018,6.0526
CNY,05/01/2018,6.0515
CNY,03/01/2018,6.0515
CNY,02/01/2018,6.0507
CNY,01/01/2018,6.054
ARS,27/02/2019,8.7215
ARS,26/02/2019,8.7255
ARS,25/02/2019,8.718
ARS,24/02/2019,8.7155
ARS,23/02/2019,8.703
ARS,22/02/2019,8.7029
ARS,20/02/2019,8.703
ARS,19/02/2019,8.6935
ARS,18/02/2019,8.691
ARS,17/02/2019,8.681
ARS,16/02/2019,8.681
ARS,15/02/2019,8.6716
ARS,13/02/2019,8.6805
ARS,12/02/2019,8.6725
ARS,11/02/2019,8.6685
ARS,10/02/2019,8.665
ARS,09/02/2019,8.6665
ARS,08/02/2019,8.661
ARS,06/02/2019,8.6605
ARS,05/02/2019,8.653
ARS,04/02/2019,8.6505
ARS,03/02/2019,8.651
ARS,02/02/2019,8.6505
ARS,01/02/2019,8.6159
ARS,30/01/2019,8.633
ARS,29/01/2019,8.631
ARS,28/01/2019,8.631
ARS,27/01/2019,8.6285
ARS,26/01/2019,8.628
ARS,25/01/2019,8.6798
ARS,23/01/2019,8.6192
ARS,22/01/2019,8.6205
ARS,21/01/2019,8.6125
ARS,20/01/2019,8.6113
ARS,19/01/2019,8.605
ARS,18/01/2019,8.6044
ARS,16/01/2019,8.6005
ARS,15/01/2019,8.596
ARS,14/01/2019,8.591
ARS,13/01/2019,8.5905
ARS,12/01/2019,8.59
ARS,11/01/2019,8.5702
ARS,09/01/2019,8.5895
ARS,08/01/2019,8.5885
ARS,07/01/2019,8.573
ARS,06/01/2019,8.548
ARS,05/01/2019,8.5515
ARS,04/01/2019,8.5967
ARS,02/01/2019,8.5555
ARS,31/12/2018,8.4648
ARS,30/12/2018,8.5505
ARS,29/12/2018,8.5535
ARS,28/12/2018,8.5687
ARS,26/12/2018,8.5507
ARS,25/12/2018,8.5508
ARS,24/12/2018,8.5508
ARS,23/12/2018,8.5505
ARS,22/12/2018,8.5505
ARS,21/12/2018,8.5534
ARS,19/12/2018,8.5505
ARS,18/12/2018,8.551
ARS,17/12/2018,8.551
ARS,16/12/2018,8.5505
ARS,15/12/2018,8.5505
ARS,14/12/2018,8.5532
ARS,12/12/2018,8.5535
ARS,11/12/2018,8.5535
ARS,10/12/2018,8.5505
ARS,09/12/2018,8.553
ARS,08/12/2018,8.545
ARS,07/12/2018,8.5371
ARS,05/12/2018,8.543
ARS,04/12/2018,8.5485
ARS,03/12/2018,8.5435
ARS,02/12/2018,8.533
ARS,01/12/2018,8.5312
ARS,30/11/2018,8.546
ARS,28/11/2018,8.528
ARS,27/11/2018,8.5208
ARS,26/11/2018,8.522
ARS,25/11/2018,8.518
ARS,24/11/2018,8.5155
ARS,23/11/2018,8.5284
ARS,21/11/2018,8.5155
ARS,20/11/2018,8.5155
ARS,19/11/2018,8.5155
ARS,18/11/2018,8.5125
ARS,17/11/2018,8.5105
ARS,16/11/2018,8.4575
ARS,14/11/2018,8.5095
ARS,13/11/2018,8.508
ARS,12/11/2018,8.5115
ARS,11/11/2018,8.508
ARS,10/11/2018,8.5085
ARS,09/11/2018,8.4606
ARS,07/11/2018,8.5095
ARS,06/11/2018,8.5055
ARS,05/11/2018,8.5055
ARS,04/11/2018,8.5055
ARS,03/11/2018,8.508
ARS,02/11/2018,8.5547
ARS,31/10/2018,8.503
ARS,30/10/2018,8.5005
ARS,29/10/2018,8.5005
ARS,28/10/2018,8.501
ARS,27/10/2018,8.493
ARS,26/10/2018,8.4702
ARS,24/10/2018,8.4855
ARS,23/10/2018,8.4855
ARS,22/10/2018,8.4905
ARS,21/10/2018,8.4905
ARS,20/10/2018,8.4735
ARS,19/10/2018,8.4803
ARS,17/10/2018,8.4735
ARS,16/10/2018,8.4765
ARS,15/10/2018,8.4735
ARS,14/10/2018,8.4715
ARS,13/10/2018,8.4755
ARS,12/10/2018,8.4904
ARS,10/10/2018,8.4765
ARS,09/10/2018,8.4705
ARS,08/10/2018,8.4585
ARS,07/10/2018,8.4545
ARS,06/10/2018,8.4705
ARS,05/10/2018,8.5123
ARS,03/10/2018,8.4455
ARS,02/10/2018,8.4405
ARS,01/10/2018,8.4505
ARS,30/09/2018,8.4335
ARS,29/09/2018,8.481
ARS,28/09/2018,8.4683
ARS,26/09/2018,8.4495
ARS,25/09/2018,8.421
ARS,24/09/2018,8.42
ARS,23/09/2018,8.426
ARS,22/09/2018,8.428
ARS,21/09/2018,8.4159
ARS,19/09/2018,8.4205
ARS,18/09/2018,8.4005
ARS,17/09/2018,8.401
ARS,16/09/2018,8.4012
ARS,15/09/2018,8.4017
ARS,14/09/2018,8.3804
ARS,12/09/2018,8.401
ARS,11/09/2018,8.4005
ARS,10/09/2018,8.4005
ARS,09/09/2018,8.4027
ARS,08/09/2018,8.405
ARS,07/09/2018,8.4034
ARS,05/09/2018,8.4155
ARS,04/09/2018,8.4015
ARS,03/09/2018,8.4155
ARS,02/09/2018,8.4005
ARS,01/09/2018,8.403
ARS,31/08/2018,8.4044
ARS,29/08/2018,8.4013
ARS,28/08/2018,8.4015
ARS,27/08/2018,8.4055
ARS,26/08/2018,8.3917
ARS,25/08/2018,8.392
ARS,24/08/2018,8.4189
ARS,22/08/2018,8.3925
ARS,21/08/2018,8.3938
ARS,20/08/2018,8.3225
ARS,19/08/2018,8.283
ARS,18/08/2018,8.2752
ARS,17/08/2018,8.2673
ARS,15/08/2018,8.2753
ARS,14/08/2018,8.2755
ARS,13/08/2018,8.2705
ARS,12/08/2018,8.2638
ARS,11/08/2018,8.2638
ARS,10/08/2018,8.2706
ARS,08/08/2018,8.2664
ARS,07/08/2018,8.264
ARS,06/08/2018,8.2662
ARS,05/08/2018,8.2625
ARS,04/08/2018,8.2613
ARS,03/08/2018,8.2357
ARS,01/08/2018,8.2358
ARS,31/07/2018,8.2137
ARS,30/07/2018,8.1855
ARS,29/07/2018,8.1855
ARS,28/07/2018,8.1769
ARS,27/07/2018,8.1693
ARS,25/07/2018,8.168
ARS,24/07/2018,8.168
ARS,23/07/2018,8.1685
ARS,22/07/2018,8.1695
ARS,21/07/2018,8.1632
ARS,20/07/2018,8.1428
ARS,18/07/2018,8.1473
ARS,17/07/2018,8.1475
ARS,16/07/2018,8.1478
ARS,15/07/2018,8.148
ARS,14/07/2018,8.148
ARS,13/07/2018,8.1557
ARS,11/07/2018,8.152
ARS,10/07/2018,8.1405
ARS,09/07/2018,8.1405
ARS,08/07/2018,8.1405
ARS,07/07/2018,8.1385
ARS,06/07/2018,8.1444
ARS,04/07/2018,8.1387
ARS,03/07/2018,8.1395
ARS,02/07/2018,8.138
ARS,01/07/2018,8.1312
ARS,30/06/2018,8.1315
ARS,29/06/2018,8.1357
ARS,27/06/2018,8.1318
ARS,26/06/2018,8.1305
ARS,25/06/2018,8.1332
ARS,24/06/2018,8.1332
ARS,23/06/2018,8.1332
ARS,22/06/2018,8.1305
ARS,20/06/2018,8.1305
ARS,19/06/2018,8.1305
ARS,18/06/2018,8.128
ARS,17/06/2018,8.128
ARS,16/06/2018,8.1305
ARS,15/06/2018,8.1341
ARS,13/06/2018,8.1308
ARS,12/06/2018,8.1275
ARS,11/06/2018,8.128
ARS,10/06/2018,8.1295
ARS,09/06/2018,8.128
ARS,08/06/2018,8.1107
ARS,06/06/2018,8.143
ARS,05/06/2018,8.1205
ARS,04/06/2018,8.1065
ARS,03/06/2018,8.093
ARS,02/06/2018,8.0805
ARS,01/06/2018,8.0835
ARS,30/05/2018,8.0785
ARS,29/05/2018,8.0742
ARS,28/05/2018,8.0745
ARS,27/05/2018,8.063
ARS,26/05/2018,8.0633
ARS,25/05/2018,8.0629
ARS,23/05/2018,8.0605
ARS,22/05/2018,8.0608
ARS,21/05/2018,8.0595
ARS,20/05/2018,8.0598
ARS,19/05/2018,8.0655
ARS,18/05/2018,8.0518
ARS,16/05/2018,8.0605
ARS,15/05/2018,8.0575
ARS,14/05/2018,8.0207
ARS,13/05/2018,8.0208
ARS,12/05/2018,8.0125
ARS,11/05/2018,8.0015
ARS,09/05/2018,8.002
ARS,08/05/2018,8.0005
ARS,07/05/2018,8.0007
ARS,06/05/2018,8.002
ARS,05/05/2018,8.0013
ARS,04/05/2018,8.0005
ARS,02/05/2018,8.0005
ARS,01/05/2018,8.0007
ARS,30/04/2018,8.0008
ARS,29/04/2018,8.0008
ARS,28/04/2018,8.0008
ARS,27/04/2018,7.9965
ARS,25/04/2018,8.0008
ARS,24/04/2018,8.0008
ARS,23/04/2018,8.0008
ARS,22/04/2018,8.0008
ARS,21/04/2018,8.0032
ARS,20/04/2018,8.0233
ARS,18/04/2018,8.0008
ARS,17/04/2018,8.0008
ARS,16/04/2018,8.0008
ARS,15/04/2018,8.0008
ARS,14/04/2018,8.0008
ARS,13/04/2018,8.0261
ARS,11/04/2018,8.0003
ARS,10/04/2018,8.0007
ARS,09/04/2018,8.0008
ARS,08/04/2018,8.0008
ARS,07/04/2018,8.0002
ARS,06/04/2018,8.003
ARS,04/04/2018,8.003
ARS,03/04/2018,8.0032
ARS,02/04/2018,7.998
ARS,01/04/2018,8.0013
ARS,31/03/2018,8.001
ARS,30/03/2018,7.994
ARS,28/03/2018,8.0032
ARS,27/03/2018,8.0045
ARS,26/03/2018,8.0025
ARS,25/03/2018,8.0055
ARS,24/03/2018,7.9655
ARS,23/03/2018,7.9507
ARS,21/03/2018,7.9658
ARS,20/03/2018,7.9507
ARS,19/03/2018,7.9508
ARS,18/03/2018,7.9458
ARS,17/03/2018,7.9175
ARS,16/03/2018,7.8619
ARS,14/03/2018,7.8932
ARS,13/03/2018,7.8758
ARS,12/03/2018,7.8773
ARS,11/03/2018,7.864
ARS,10/03/2018,7.8608
ARS,09/03/2018,7.8624
ARS,07/03/2018,7.8615
ARS,06/03/2018,7.8845
ARS,05/03/2018,7.8848
ARS,04/03/2018,7.885
ARS,03/03/2018,7.8852
ARS,02/03/2018,7.8955
ARS,28/02/2018,7.8855
ARS,27/02/2018,7.8855
ARS,26/02/2018,7.877
ARS,25/02/2018,7.868
ARS,24/02/2018,7.8535
ARS,23/02/2018,7.7976
ARS,21/02/2018,7.8432
ARS,20/02/2018,7.8155
ARS,19/02/2018,7.7808
ARS,18/02/2018,7.7605
ARS,17/02/2018,7.7582
ARS,16/02/2018,7.8154
ARS,14/02/2018,7.81
ARS,13/02/2018,7.8103
ARS,12/02/2018,7.8108
ARS,11/02/2018,7.8205
ARS,10/02/2018,7.8125
ARS,09/02/2018,7.8498
ARS,07/02/2018,7.8412
ARS,06/02/2018,7.878
ARS,05/02/2018,7.8955
ARS,04/02/2018,8.008
ARS,03/02/2018,8.0132
ARS,02/02/2018,8.0189
ARS,31/01/2018,8.0188
ARS,30/01/2018,8.0055
ARS,29/01/2018,8.003
ARS,28/01/2018,8.0157
ARS,27/01/2018,7.9908
ARS,26/01/2018,7.9191
ARS,24/01/2018,7.9908
ARS,23/01/2018,7.901
ARS,22/01/2018,6.9325
ARS,21/01/2018,6.8845
ARS,20/01/2018,6.8255
ARS,19/01/2018,6.8074
ARS,17/01/2018,6.7955
ARS,16/01/2018,6.773
ARS,15/01/2018,6.708
ARS,14/01/2018,6.7082
ARS,13/01/2018,6.694
ARS,12/01/2018,6.5892
ARS,10/01/2018,6.6588
ARS,09/01/2018,6.6255
ARS,08/01/2018,6.6048
ARS,07/01/2018,6.599
ARS,06/01/2018,6.5932
ARS,05/01/2018,6.5656
ARS,03/01/2018,6.5555
ARS,02/01/2018,6.5448
ARS,01/01/2018,6.5073